N,mean,sem
100,1.926857489849451,0.025707315272767015
500,1.9540946554251903,0.015829042763684922
1000,1.9785248944981788,0.008470158400408474
5000,2.005153333756092,0.004380697990425933
10000,1.995172596716231,0.003314814348169738
50000,1.9999591629100362,0.0013072605835849813
